"SAMPLE_NUM,HEX_VALUE",SAMPLE_NUM,HEX_VALUE,,,
"0,0x30783046",0,0x30783046,,,
"1,0x46464646",1,0x46464646,,,
"2,0x46430D0A",2,0x46430D0A,,,
"3,0x30783046",3,0x30783046,,,
"4,0x46464646",4,0x46464646,,,
"5,0x46430D0A",5,0x46430D0A,,,
"6,0x30783046",6,0x30783046,,,
"7,0x46464646",7,0x46464646,,,
"8,0x46430D0A",8,0x46430D0A,,,
"9,0x30783046",9,0x30783046,,,
"10,0x46464646",10,0x46464646,,,
"11,0x46430D0A",11,0x46430D0A,,,
"12,0x30783046",12,0x30783046,,,
"13,0x46464646",13,0x46464646,,,
"14,0x46440D0A",14,0x46440D0A,,,
"15,0x30783046",15,0x30783046,,,
"16,0x46464646",16,0x46464646,,,
"17,0x46410D0A",17,0x46410D0A,,,
"18,0x30783046",18,0x30783046,,,
"19,0x46464646",19,0x46464646,,,
"20,0x46420D0A",20,0x46420D0A,,,
"21,0x30783046",21,0x30783046,,,
"22,0x46464646",22,0x46464646,,,
"23,0x46410D0A",23,0x46410D0A,,,
"24,0x30783046",24,0x30783046,,,
"25,0x46464646",25,0x46464646,,,
"26,0x46450D0A",26,0x46450D0A,,,
"27,0x30783046",27,0x30783046,,,
"28,0x46464646",28,0x46464646,,,
"29,0x46430D0A",29,0x46430D0A,,,
"30,0x30783046",30,0x30783046,,,
"31,0x46464646",31,0x46464646,,,
"32,0x46420D0A",32,0x46420D0A,,,
"33,0x30783046",33,0x30783046,,,
"34,0x46464646",34,0x46464646,,,
"35,0x46430D0A",35,0x46430D0A,,,
"36,0x30783046",36,0x30783046,,,
"37,0x46464646",37,0x46464646,,,
"38,0x46440D0A",38,0x46440D0A,,,
"39,0x30783046",39,0x30783046,,,
"40,0x46464646",40,0x46464646,,,
"41,0x46420D0A",41,0x46420D0A,,,
"42,0x30783046",42,0x30783046,,,
"43,0x46464646",43,0x46464646,,,
"44,0x46440D0A",44,0x46440D0A,,,
"45,0x30783046",45,0x30783046,,,
"46,0x46464646",46,0x46464646,,,
"47,0x46430D0A",47,0x46430D0A,,,
"48,0x30783046",48,0x30783046,,,
"49,0x46464646",49,0x46464646,,,
"50,0x46430D0A",50,0x46430D0A,,,
"51,0x30783046",51,0x30783046,,,
"52,0x46464646",52,0x46464646,,,
"53,0x46430D0A",53,0x46430D0A,,,
"54,0x30783046",54,0x30783046,,,
"55,0x46464646",55,0x46464646,,,
"56,0x46430D0A",56,0x46430D0A,,,
"57,0x30783046",57,0x30783046,,,
"58,0x46464646",58,0x46464646,,,
"59,0x46450D0A",59,0x46450D0A,,,
"60,0x30783046",60,0x30783046,,,
"61,0x46464646",61,0x46464646,,,
"62,0x46430D0A",62,0x46430D0A,,,
"63,0x30783046",63,0x30783046,,,
"64,0x46464646",64,0x46464646,,,
"65,0x46430D0A",65,0x46430D0A,,,
"66,0x30783046",66,0x30783046,,,
"67,0x46464646",67,0x46464646,,,
"68,0x46430D0A",68,0x46430D0A,,,
"69,0x30783046",69,0x30783046,,,
"70,0x46464646",70,0x46464646,,,
"71,0x46430D0A",71,0x46430D0A,,,
"72,0x30783046",72,0x30783046,,,
"73,0x46464646",73,0x46464646,,,
"74,0x46440D0A",74,0x46440D0A,,,
"75,0x30783046",75,0x30783046,,,
"76,0x46464646",76,0x46464646,,,
"77,0x46430D0A",77,0x46430D0A,,,
"78,0x30783046",78,0x30783046,,,
"79,0x46464646",79,0x46464646,,,
"80,0x46440D0A",80,0x46440D0A,,,
"81,0x30783046",81,0x30783046,,,
"82,0x46464646",82,0x46464646,,,
"83,0x46450D0A",83,0x46450D0A,,,
"84,0x30783046",84,0x30783046,,,
"85,0x46464646",85,0x46464646,,,
"86,0x46440D0A",86,0x46440D0A,,,
"87,0x30783046",87,0x30783046,,,
"88,0x46464646",88,0x46464646,,,
"89,0x46450D0A",89,0x46450D0A,,,
"90,0x30783046",90,0x30783046,,,
"91,0x46464646",91,0x46464646,,,
"92,0x46430D0A",92,0x46430D0A,,,
"93,0x30783046",93,0x30783046,,,
"94,0x46464646",94,0x46464646,,,
"95,0x46430D0A",95,0x46430D0A,,,
"96,0x30783046",96,0x30783046,,,
"97,0x46464646",97,0x46464646,,,
"98,0x46430D0A",98,0x46430D0A,,,
"99,0x30783046",99,0x30783046,,,
"100,0x46464646",100,0x46464646,,,
"101,0x46440D0A",101,0x46440D0A,,,
"102,0x30783046",102,0x30783046,,,
"103,0x46464646",103,0x46464646,,,
"104,0x46430D0A",104,0x46430D0A,,,
"105,0x30783046",105,0x30783046,,,
"106,0x46464646",106,0x46464646,,,
"107,0x46430D0A",107,0x46430D0A,,,
"108,0x30783046",108,0x30783046,,,
"109,0x46464646",109,0x46464646,,,
"110,0x46410D0A",110,0x46410D0A,,,
"111,0x30783046",111,0x30783046,,,
"112,0x46464646",112,0x46464646,,,
"113,0x46460D0A",113,0x46460D0A,,,
"114,0x30783046",114,0x30783046,,,
"115,0x46464646",115,0x46464646,,,
"116,0x46430D0A",116,0x46430D0A,,,
"117,0x30783046",117,0x30783046,,,
"118,0x46464646",118,0x46464646,,,
"119,0x46440D0A",119,0x46440D0A,,,
"120,0x30783046",120,0x30783046,,,
"121,0x46464646",121,0x46464646,,,
"122,0x46410D0A",122,0x46410D0A,,,
"123,0x30783046",123,0x30783046,,,
"124,0x46464646",124,0x46464646,,,
"125,0x46440D0A",125,0x46440D0A,,,
"126,0x30783046",126,0x30783046,,,
"127,0x46464646",127,0x46464646,,,
"128,0x46450D0A",128,0x46450D0A,,,
"129,0x30783046",129,0x30783046,,,
"130,0x46464646",130,0x46464646,,,
"131,0x46440D0A",131,0x46440D0A,,,
"132,0x30783046",132,0x30783046,,,
"133,0x46464646",133,0x46464646,,,
"134,0x46410D0A",134,0x46410D0A,,,
"135,0x30783046",135,0x30783046,,,
"136,0x46464646",136,0x46464646,,,
"137,0x46430D0A",137,0x46430D0A,,,
"138,0x30783046",138,0x30783046,,,
"139,0x46464646",139,0x46464646,,,
"140,0x46450D0A",140,0x46450D0A,,,
"141,0x30783046",141,0x30783046,,,
"142,0x46464646",142,0x46464646,,,
"143,0x46460D0A",143,0x46460D0A,,,
"144,0x30783046",144,0x30783046,,,
"145,0x46464646",145,0x46464646,,,
"146,0x46450D0A",146,0x46450D0A,,,
"147,0x30783046",147,0x30783046,,,
"148,0x46464646",148,0x46464646,,,
"149,0x46450D0A",149,0x46450D0A,,,
"150,0x30783046",150,0x30783046,,,
"151,0x46464646",151,0x46464646,,,
"152,0x46430D0A",152,0x46430D0A,,,
"153,0x30783046",153,0x30783046,,,
"154,0x46464646",154,0x46464646,,,
"155,0x46440D0A",155,0x46440D0A,,,
"156,0x30783046",156,0x30783046,,,
"157,0x46464646",157,0x46464646,,,
"158,0x46450D0A",158,0x46450D0A,,,
"159,0x30783046",159,0x30783046,,,
"160,0x46464646",160,0x46464646,,,
"161,0x46440D0A",161,0x46440D0A,,,
"162,0x30783046",162,0x30783046,,,
"163,0x46464646",163,0x46464646,,,
"164,0x46430D0A",164,0x46430D0A,,,
"165,0x30783046",165,0x30783046,,,
"166,0x46464646",166,0x46464646,,,
"167,0x46430D0A",167,0x46430D0A,,,
"168,0x30783046",168,0x30783046,,,
"169,0x46464646",169,0x46464646,,,
"170,0x46420D0A",170,0x46420D0A,,,
"171,0x30783046",171,0x30783046,,,
"172,0x46464646",172,0x46464646,,,
"173,0x46430D0A",173,0x46430D0A,,,
"174,0x30783046",174,0x30783046,,,
"175,0x46464646",175,0x46464646,,,
"176,0x46430D0A",176,0x46430D0A,,,
"177,0x30783046",177,0x30783046,,,
"178,0x46464646",178,0x46464646,,,
"179,0x46430D0A",179,0x46430D0A,,,
"180,0x30783046",180,0x30783046,,,
"181,0x46464646",181,0x46464646,,,
"182,0x46440D0A",182,0x46440D0A,,,
"183,0x30783046",183,0x30783046,,,
"184,0x46464646",184,0x46464646,,,
"185,0x46430D0A",185,0x46430D0A,,,
"186,0x30783046",186,0x30783046,,,
"187,0x46464646",187,0x46464646,,,
"188,0x46430D0A",188,0x46430D0A,,,
"189,0x30783046",189,0x30783046,,,
"190,0x46464646",190,0x46464646,,,
"191,0x46430D0A",191,0x46430D0A,,,
"192,0x30783046",192,0x30783046,,,
"193,0x46464646",193,0x46464646,,,
"194,0x46430D0A",194,0x46430D0A,,,
"195,0x30783046",195,0x30783046,,,
"196,0x46464646",196,0x46464646,,,
"197,0x46420D0A",197,0x46420D0A,,,
"198,0x30783046",198,0x30783046,,,
"199,0x46464646",199,0x46464646,,,
"200,0x46440D0A",200,0x46440D0A,,,
"201,0x30783046",201,0x30783046,,,
"202,0x46464646",202,0x46464646,,,
"203,0x46420D0A",203,0x46420D0A,,,
"204,0x30783046",204,0x30783046,,,
"205,0x46464646",205,0x46464646,,,
"206,0x46430D0A",206,0x46430D0A,,,
"207,0x30783046",207,0x30783046,,,
"208,0x46464646",208,0x46464646,,,
"209,0x46420D0A",209,0x46420D0A,,,
"210,0x30783046",210,0x30783046,,,
"211,0x46464646",211,0x46464646,,,
"212,0x46460D0A",212,0x46460D0A,,,
"213,0x30783046",213,0x30783046,,,
"214,0x46464646",214,0x46464646,,,
"215,0x46410D0A",215,0x46410D0A,,,
"216,0x30783046",216,0x30783046,,,
"217,0x46464646",217,0x46464646,,,
"218,0x46460D0A",218,0x46460D0A,,,
"219,0x30783046",219,0x30783046,,,
"220,0x46464646",220,0x46464646,,,
"221,0x46440D0A",221,0x46440D0A,,,
"222,0x30783046",222,0x30783046,,,
"223,0x46464646",223,0x46464646,,,
"224,0x46460D0A",224,0x46460D0A,,,
"225,0x30783030",225,0x30783030,,,
"226,0x30303030",226,0x30303030,,,
"227,0x30300D0A",227,0x30300D0A,,,
"228,0x30783046",228,0x30783046,,,
"229,0x46464646",229,0x46464646,,,
"230,0x46430D0A",230,0x46430D0A,,,
"231,0x30783046",231,0x30783046,,,
"232,0x46464646",232,0x46464646,,,
"233,0x46450D0A",233,0x46450D0A,,,
"234,0x30783046",234,0x30783046,,,
"235,0x46464646",235,0x46464646,,,
"236,0x46450D0A",236,0x46450D0A,,,
"237,0x30783046",237,0x30783046,,,
"238,0x46464646",238,0x46464646,,,
"239,0x46430D0A",239,0x46430D0A,,,
"240,0x30783046",240,0x30783046,,,
"241,0x46464646",241,0x46464646,,,
"242,0x46430D0A",242,0x46430D0A,,,
"243,0x30783046",243,0x30783046,,,
"244,0x46464646",244,0x46464646,,,
"245,0x46420D0A",245,0x46420D0A,,,
"246,0x30783046",246,0x30783046,,,
"247,0x46464646",247,0x46464646,,,
"248,0x46440D0A",248,0x46440D0A,,,
"249,0x30783046",249,0x30783046,,,
"250,0x46464646",250,0x46464646,,,
"251,0x46430D0A",251,0x46430D0A,,,
"252,0x30783046",252,0x30783046,,,
"253,0x46464646",253,0x46464646,,,
"254,0x46440D0A",254,0x46440D0A,,,
"255,0x30783046",255,0x30783046,,,
"256,0x46464646",256,0x46464646,,,
"257,0x46430D0A",257,0x46430D0A,,,
"258,0x30783046",258,0x30783046,,,
"259,0x46464646",259,0x46464646,,,
"260,0x46440D0A",260,0x46440D0A,,,
"261,0x30783046",261,0x30783046,,,
"262,0x46464646",262,0x46464646,,,
"263,0x46430D0A",263,0x46430D0A,,,
"264,0x30783046",264,0x30783046,,,
"265,0x46464646",265,0x46464646,,,
"266,0x46430D0A",266,0x46430D0A,,,
"267,0x30783046",267,0x30783046,,,
"268,0x46464646",268,0x46464646,,,
"269,0x46450D0A",269,0x46450D0A,,,
"270,0x30783046",270,0x30783046,,,
"271,0x46464646",271,0x46464646,,,
"272,0x46430D0A",272,0x46430D0A,,,
"273,0x30783046",273,0x30783046,,,
"274,0x46464646",274,0x46464646,,,
"275,0x46450D0A",275,0x46450D0A,,,
"276,0x30783046",276,0x30783046,,,
"277,0x46464646",277,0x46464646,,,
"278,0x46440D0A",278,0x46440D0A,,,
"279,0x30783046",279,0x30783046,,,
"280,0x46464646",280,0x46464646,,,
"281,0x46450D0A",281,0x46450D0A,,,
"282,0x30783046",282,0x30783046,,,
"283,0x46464646",283,0x46464646,,,
"284,0x46440D0A",284,0x46440D0A,,,
"285,0x30783046",285,0x30783046,,,
"286,0x46464646",286,0x46464646,,,
"287,0x46460D0A",287,0x46460D0A,,,
"288,0x30783046",288,0x30783046,,,
"289,0x46464646",289,0x46464646,,,
"290,0x46410D0A",290,0x46410D0A,,,
"291,0x30783046",291,0x30783046,,,
"292,0x46464646",292,0x46464646,,,
"293,0x46430D0A",293,0x46430D0A,,,
"294,0x30783046",294,0x30783046,,,
"295,0x46464646",295,0x46464646,,,
"296,0x46440D0A",296,0x46440D0A,,,
"297,0x30783046",297,0x30783046,,,
"298,0x46464646",298,0x46464646,,,
"299,0x46450D0A",299,0x46450D0A,,,
"300,0x30783046",300,0x30783046,,,
"301,0x46464646",301,0x46464646,,,
"302,0x46450D0A",302,0x46450D0A,,,
"303,0x30783046",303,0x30783046,,,
"304,0x46464646",304,0x46464646,,,
"305,0x46430D0A",305,0x46430D0A,,,
"306,0x30783046",306,0x30783046,,,
"307,0x46464646",307,0x46464646,,,
"308,0x46430D0A",308,0x46430D0A,,,
"309,0x30783046",309,0x30783046,,,
"310,0x46464646",310,0x46464646,,,
"311,0x46430D0A",311,0x46430D0A,,,
"312,0x30783046",312,0x30783046,,,
"313,0x46464646",313,0x46464646,,,
"314,0x46430D0A",314,0x46430D0A,,,
"315,0x30783046",315,0x30783046,,,
"316,0x46464646",316,0x46464646,,,
"317,0x46430D0A",317,0x46430D0A,,,
"318,0x30783046",318,0x30783046,,,
"319,0x46464646",319,0x46464646,,,
"320,0x46450D0A",320,0x46450D0A,,,
"321,0x30783046",321,0x30783046,,,
"322,0x46464646",322,0x46464646,,,
"323,0x46430D0A",323,0x46430D0A,,,
"324,0x30783046",324,0x30783046,,,
"325,0x46464646",325,0x46464646,,,
"326,0x46420D0A",326,0x46420D0A,,,
"327,0x30783046",327,0x30783046,,,
"328,0x46464646",328,0x46464646,,,
"329,0x46450D0A",329,0x46450D0A,,,
"330,0x30783046",330,0x30783046,,,
"331,0x46464646",331,0x46464646,,,
"332,0x46430D0A",332,0x46430D0A,,,
"333,0x30783046",333,0x30783046,,,
"334,0x46464646",334,0x46464646,,,
"335,0x46390D0A",335,0x46390D0A,,,
"336,0x30783046",336,0x30783046,,,
"337,0x46464646",337,0x46464646,,,
"338,0x46430D0A",338,0x46430D0A,,,
"339,0x30783046",339,0x30783046,,,
"340,0x46464646",340,0x46464646,,,
"341,0x46390D0A",341,0x46390D0A,,,
"342,0x30783046",342,0x30783046,,,
"343,0x46464646",343,0x46464646,,,
"344,0x46460D0A",344,0x46460D0A,,,
"345,0x30783046",345,0x30783046,,,
"346,0x46464646",346,0x46464646,,,
"347,0x46450D0A",347,0x46450D0A,,,
"348,0x30783046",348,0x30783046,,,
"349,0x46464646",349,0x46464646,,,
"350,0x46410D0A",350,0x46410D0A,,,
"351,0x30783046",351,0x30783046,,,
"352,0x46464646",352,0x46464646,,,
"353,0x46430D0A",353,0x46430D0A,,,
"354,0x30783046",354,0x30783046,,,
"355,0x46464646",355,0x46464646,,,
"356,0x46460D0A",356,0x46460D0A,,,
"357,0x30783046",357,0x30783046,,,
"358,0x46464646",358,0x46464646,,,
"359,0x46430D0A",359,0x46430D0A,,,
"360,0x30783046",360,0x30783046,,,
"361,0x46464646",361,0x46464646,,,
"362,0x46450D0A",362,0x46450D0A,,,
"363,0x30783046",363,0x30783046,,,
"364,0x46464646",364,0x46464646,,,
"365,0x46440D0A",365,0x46440D0A,,,
"366,0x30783046",366,0x30783046,,,
"367,0x46464646",367,0x46464646,,,
"368,0x46440D0A",368,0x46440D0A,,,
"369,0x30783046",369,0x30783046,,,
"370,0x46464646",370,0x46464646,,,
"371,0x46450D0A",371,0x46450D0A,,,
"372,0x30783046",372,0x30783046,,,
"373,0x46464646",373,0x46464646,,,
"374,0x46410D0A",374,0x46410D0A,,,
"375,0x30783046",375,0x30783046,,,
"376,0x46464646",376,0x46464646,,,
"377,0x46440D0A",377,0x46440D0A,,,
"378,0x30783046",378,0x30783046,,,
"379,0x46464646",379,0x46464646,,,
"380,0x46430D0A",380,0x46430D0A,,,
"381,0x30783046",381,0x30783046,,,
"382,0x46464646",382,0x46464646,,,
"383,0x46450D0A",383,0x46450D0A,,,
"384,0x30783046",384,0x30783046,,,
"385,0x46464646",385,0x46464646,,,
"386,0x46460D0A",386,0x46460D0A,,,
"387,0x30783046",387,0x30783046,,,
"388,0x46464646",388,0x46464646,,,
"389,0x46430D0A",389,0x46430D0A,,,
"390,0x30783046",390,0x30783046,,,
"391,0x46464646",391,0x46464646,,,
"392,0x46440D0A",392,0x46440D0A,,,
"393,0x30783046",393,0x30783046,,,
"394,0x46464646",394,0x46464646,,,
"395,0x46410D0A",395,0x46410D0A,,,
"396,0x30783046",396,0x30783046,,,
"397,0x46464646",397,0x46464646,,,
"398,0x46430D0A",398,0x46430D0A,,,
"399,0x30783046",399,0x30783046,,,
"400,0x46464646",400,0x46464646,,,
"401,0x46420D0A",401,0x46420D0A,,,
"402,0x30783046",402,0x30783046,,,
"403,0x46464646",403,0x46464646,,,
"404,0x46430D0A",404,0x46430D0A,,,
"405,0x30783046",405,0x30783046,,,
"406,0x46464646",406,0x46464646,,,
"407,0x46430D0A",407,0x46430D0A,,,
"408,0x30783046",408,0x30783046,,,
"409,0x46464646",409,0x46464646,,,
"410,0x46440D0A",410,0x46440D0A,,,
"411,0x30783046",411,0x30783046,,,
"412,0x46464646",412,0x46464646,,,
"413,0x46440D0A",413,0x46440D0A,,,
"414,0x30783046",414,0x30783046,,,
"415,0x46464646",415,0x46464646,,,
"416,0x46450D0A",416,0x46450D0A,,,
"417,0x30783046",417,0x30783046,,,
"418,0x46464646",418,0x46464646,,,
"419,0x46430D0A",419,0x46430D0A,,,
"420,0x30783046",420,0x30783046,,,
"421,0x46464646",421,0x46464646,,,
"422,0x46420D0A",422,0x46420D0A,,,
"423,0x30783046",423,0x30783046,,,
"424,0x46464646",424,0x46464646,,,
"425,0x46390D0A",425,0x46390D0A,,,
"426,0x30783046",426,0x30783046,,,
"427,0x46464646",427,0x46464646,,,
"428,0x46430D0A",428,0x46430D0A,,,
"429,0x30783046",429,0x30783046,,,
"430,0x46464646",430,0x46464646,,,
"431,0x46460D0A",431,0x46460D0A,,,
"432,0x30783046",432,0x30783046,,,
"433,0x46464646",433,0x46464646,,,
"434,0x46430D0A",434,0x46430D0A,,,
"435,0x30783046",435,0x30783046,,,
"436,0x46464646",436,0x46464646,,,
"437,0x46450D0A",437,0x46450D0A,,,
"438,0x30783046",438,0x30783046,,,
"439,0x46464646",439,0x46464646,,,
"440,0x46430D0A",440,0x46430D0A,,,
"441,0x30783046",441,0x30783046,,,
"442,0x46464646",442,0x46464646,,,
"443,0x46410D0A",443,0x46410D0A,,,
"444,0x30783046",444,0x30783046,,,
"445,0x46464646",445,0x46464646,,,
"446,0x46410D0A",446,0x46410D0A,,,
"447,0x30783046",447,0x30783046,,,
"448,0x46464646",448,0x46464646,,,
"449,0x46440D0A",449,0x46440D0A,,,
"450,0x30783046",450,0x30783046,,,
"451,0x46464646",451,0x46464646,,,
"452,0x46450D0A",452,0x46450D0A,,,
"453,0x30783046",453,0x30783046,,,
"454,0x46464646",454,0x46464646,,,
"455,0x46410D0A",455,0x46410D0A,,,
"456,0x30783046",456,0x30783046,,,
"457,0x46464646",457,0x46464646,,,
"458,0x46450D0A",458,0x46450D0A,,,
"459,0x30783046",459,0x30783046,,,
"460,0x46464646",460,0x46464646,,,
"461,0x46430D0A",461,0x46430D0A,,,
"462,0x30783046",462,0x30783046,,,
"463,0x46464646",463,0x46464646,,,
"464,0x46430D0A",464,0x46430D0A,,,
"465,0x30783046",465,0x30783046,,,
"466,0x46464646",466,0x46464646,,,
"467,0x46430D0A",467,0x46430D0A,,,
"468,0x30783046",468,0x30783046,,,
"469,0x46464646",469,0x46464646,,,
"470,0x46430D0A",470,0x46430D0A,,,
"471,0x30783046",471,0x30783046,,,
"472,0x46464646",472,0x46464646,,,
"473,0x46410D0A",473,0x46410D0A,,,
"474,0x30783046",474,0x30783046,,,
"475,0x46464646",475,0x46464646,,,
"476,0x46430D0A",476,0x46430D0A,,,
"477,0x30783046",477,0x30783046,,,
"478,0x46464646",478,0x46464646,,,
"479,0x46450D0A",479,0x46450D0A,,,
"480,0x30783046",480,0x30783046,,,
"481,0x46464646",481,0x46464646,,,
"482,0x46430D0A",482,0x46430D0A,,,
"483,0x30783046",483,0x30783046,,,
"484,0x46464646",484,0x46464646,,,
"485,0x46450D0A",485,0x46450D0A,,,
"486,0x30783046",486,0x30783046,,,
"487,0x46464646",487,0x46464646,,,
"488,0x46450D0A",488,0x46450D0A,,,
"489,0x30783046",489,0x30783046,,,
"490,0x46464646",490,0x46464646,,,
"491,0x46430D0A",491,0x46430D0A,,,
"492,0x30783046",492,0x30783046,,,
"493,0x46464646",493,0x46464646,,,
"494,0x46430D0A",494,0x46430D0A,,,
"495,0x30783046",495,0x30783046,,,
"496,0x46464646",496,0x46464646,,,
"497,0x46430D0A",497,0x46430D0A,,,
"498,0x30783046",498,0x30783046,,,
"499,0x46464646",499,0x46464646,,,
"500,0x46450D0A",500,0x46450D0A,,,
"501,0x30783046",501,0x30783046,,,
"502,0x46464646",502,0x46464646,,,
"503,0x46410D0A",503,0x46410D0A,,,
"504,0x30783046",504,0x30783046,,,
"505,0x46464646",505,0x46464646,,,
"506,0x46450D0A",506,0x46450D0A,,,
"507,0x30783046",507,0x30783046,,,
"508,0x46464646",508,0x46464646,,,
"509,0x46420D0A",509,0x46420D0A,,,
"510,0x30783046",510,0x30783046,,,
"511,0x46464646",511,0x46464646,,,
"512,0x46430D0A",512,0x46430D0A,,,
"513,0x30783046",513,0x30783046,,,
"514,0x46464646",514,0x46464646,,,
"515,0x46410D0A",515,0x46410D0A,,,
"516,0x30783046",516,0x30783046,,,
"517,0x46464646",517,0x46464646,,,
"518,0x46420D0A",518,0x46420D0A,,,
"519,0x30783046",519,0x30783046,,,
"520,0x46464646",520,0x46464646,,,
"521,0x46450D0A",521,0x46450D0A,,,
"522,0x30783046",522,0x30783046,,,
"523,0x46464646",523,0x46464646,,,
"524,0x46440D0A",524,0x46440D0A,,,
"525,0x30783046",525,0x30783046,,,
"526,0x46464646",526,0x46464646,,,
"527,0x46430D0A",527,0x46430D0A,,,
"528,0x30783046",528,0x30783046,,,
"529,0x46464646",529,0x46464646,,,
"530,0x46410D0A",530,0x46410D0A,,,
"531,0x30783046",531,0x30783046,,,
"532,0x46464646",532,0x46464646,,,
"533,0x46460D0A",533,0x46460D0A,,,
"534,0x30783046",534,0x30783046,,,
"535,0x46464646",535,0x46464646,,,
"536,0x46440D0A",536,0x46440D0A,,,
"537,0x30783046",537,0x30783046,,,
"538,0x46464646",538,0x46464646,,,
"539,0x46430D0A",539,0x46430D0A,,,
"540,0x30783046",540,0x30783046,,,
"541,0x46464646",541,0x46464646,,,
"542,0x46430D0A",542,0x46430D0A,,,
"543,0x30783046",543,0x30783046,,,
"544,0x46464646",544,0x46464646,,,
"545,0x46440D0A",545,0x46440D0A,,,
"546,0x30783046",546,0x30783046,,,
"547,0x46464646",547,0x46464646,,,
"548,0x46450D0A",548,0x46450D0A,,,
"549,0x30783046",549,0x30783046,,,
"550,0x46464646",550,0x46464646,,,
"551,0x46430D0A",551,0x46430D0A,,,
"552,0x30783046",552,0x30783046,,,
"553,0x46464646",553,0x46464646,,,
"554,0x46450D0A",554,0x46450D0A,,,
"555,0x30783046",555,0x30783046,,,
"556,0x46464646",556,0x46464646,,,
"557,0x46410D0A",557,0x46410D0A,,,
"558,0x30783030",558,0x30783030,,,
"559,0x30303030",559,0x30303030,,,
"560,0x30300D0A",560,0x30300D0A,,,
"561,0x30783046",561,0x30783046,,,
"562,0x46464646",562,0x46464646,,,
"563,0x46430D0A",563,0x46430D0A,,,
"564,0x30783046",564,0x30783046,,,
"565,0x46464646",565,0x46464646,,,
"566,0x46430D0A",566,0x46430D0A,,,
"567,0x30783046",567,0x30783046,,,
"568,0x46464646",568,0x46464646,,,
"569,0x46450D0A",569,0x46450D0A,,,
"570,0x30783046",570,0x30783046,,,
"571,0x46464646",571,0x46464646,,,
"572,0x46430D0A",572,0x46430D0A,,,
"573,0x30783046",573,0x30783046,,,
"574,0x46464646",574,0x46464646,,,
"575,0x46430D0A",575,0x46430D0A,,,
"576,0x30783046",576,0x30783046,,,
"577,0x46464646",577,0x46464646,,,
"578,0x46430D0A",578,0x46430D0A,,,
"579,0x30783046",579,0x30783046,,,
"580,0x46464646",580,0x46464646,,,
"581,0x46430D0A",581,0x46430D0A,,,
"582,0x30783046",582,0x30783046,,,
"583,0x46464646",583,0x46464646,,,
"584,0x46430D0A",584,0x46430D0A,,,
"585,0x30783046",585,0x30783046,,,
"586,0x46464646",586,0x46464646,,,
"587,0x46450D0A",587,0x46450D0A,,,
"588,0x30783046",588,0x30783046,,,
"589,0x46464646",589,0x46464646,,,
"590,0x46430D0A",590,0x46430D0A,,,
"591,0x30783046",591,0x30783046,,,
"592,0x46464646",592,0x46464646,,,
"593,0x46430D0A",593,0x46430D0A,,,
"594,0x30783046",594,0x30783046,,,
"595,0x46464646",595,0x46464646,,,
"596,0x46420D0A",596,0x46420D0A,,,
"597,0x30783046",597,0x30783046,,,
"598,0x46464646",598,0x46464646,,,
"599,0x46430D0A",599,0x46430D0A,,,
"600,0x30783046",600,0x30783046,,,
"601,0x46464646",601,0x46464646,,,
"602,0x46450D0A",602,0x46450D0A,,,
"603,0x30783046",603,0x30783046,,,
"604,0x46464646",604,0x46464646,,,
"605,0x46430D0A",605,0x46430D0A,,,
"606,0x30783046",606,0x30783046,,,
"607,0x46464646",607,0x46464646,,,
"608,0x46460D0A",608,0x46460D0A,,,
"609,0x30783046",609,0x30783046,,,
"610,0x46464646",610,0x46464646,,,
"611,0x46430D0A",611,0x46430D0A,,,
"612,0x30783046",612,0x30783046,,,
"613,0x46464646",613,0x46464646,,,
"614,0x46430D0A",614,0x46430D0A,,,
"615,0x30783046",615,0x30783046,,,
"616,0x46464646",616,0x46464646,,,
"617,0x46430D0A",617,0x46430D0A,,,
"618,0x30783046",618,0x30783046,,,
"619,0x46464646",619,0x46464646,,,
"620,0x46430D0A",620,0x46430D0A,,,
"621,0x30783046",621,0x30783046,,,
"622,0x46464646",622,0x46464646,,,
"623,0x46410D0A",623,0x46410D0A,,,
"624,0x30783046",624,0x30783046,,,
"625,0x46464646",625,0x46464646,,,
"626,0x46420D0A",626,0x46420D0A,,,
"627,0x30783046",627,0x30783046,,,
"628,0x46464646",628,0x46464646,,,
"629,0x46430D0A",629,0x46430D0A,,,
"630,0x30783046",630,0x30783046,,,
"631,0x46464646",631,0x46464646,,,
"632,0x46430D0A",632,0x46430D0A,,,
"633,0x30783046",633,0x30783046,,,
"634,0x46464646",634,0x46464646,,,
"635,0x46430D0A",635,0x46430D0A,,,
"636,0x30783046",636,0x30783046,,,
"637,0x46464646",637,0x46464646,,,
"638,0x46440D0A",638,0x46440D0A,,,
"639,0x30783046",639,0x30783046,,,
"640,0x46464646",640,0x46464646,,,
"641,0x46440D0A",641,0x46440D0A,,,
"642,0x30783046",642,0x30783046,,,
"643,0x46464646",643,0x46464646,,,
"644,0x46450D0A",644,0x46450D0A,,,
"645,0x30783046",645,0x30783046,,,
"646,0x46464646",646,0x46464646,,,
"647,0x46410D0A",647,0x46410D0A,,,
"648,0x30783046",648,0x30783046,,,
"649,0x46464646",649,0x46464646,,,
"650,0x46430D0A",650,0x46430D0A,,,
"651,0x30783046",651,0x30783046,,,
"652,0x46464646",652,0x46464646,,,
"653,0x46420D0A",653,0x46420D0A,,,
"654,0x30783046",654,0x30783046,,,
"655,0x46464646",655,0x46464646,,,
"656,0x46410D0A",656,0x46410D0A,,,
"657,0x30783046",657,0x30783046,,,
"658,0x46464646",658,0x46464646,,,
"659,0x46430D0A",659,0x46430D0A,,,
"660,0x30783046",660,0x30783046,,,
"661,0x46464646",661,0x46464646,,,
"662,0x46420D0A",662,0x46420D0A,,,
"663,0x30783046",663,0x30783046,,,
"664,0x46464646",664,0x46464646,,,
"665,0x46450D0A",665,0x46450D0A,,,
"666,0x30783046",666,0x30783046,,,
"667,0x46464646",667,0x46464646,,,
"668,0x46430D0A",668,0x46430D0A,,,
"669,0x30783046",669,0x30783046,,,
"670,0x46464646",670,0x46464646,,,
"671,0x46430D0A",671,0x46430D0A,,,
"672,0x30783046",672,0x30783046,,,
"673,0x46464646",673,0x46464646,,,
"674,0x46430D0A",674,0x46430D0A,,,
"675,0x30783046",675,0x30783046,,,
"676,0x46464646",676,0x46464646,,,
"677,0x46420D0A",677,0x46420D0A,,,
"678,0x30783046",678,0x30783046,,,
"679,0x46464646",679,0x46464646,,,
"680,0x46450D0A",680,0x46450D0A,,,
"681,0x30783046",681,0x30783046,,,
"682,0x46464646",682,0x46464646,,,
"683,0x46440D0A",683,0x46440D0A,,,
"684,0x30783046",684,0x30783046,,,
"685,0x46464646",685,0x46464646,,,
"686,0x46430D0A",686,0x46430D0A,,,
"687,0x30783046",687,0x30783046,,,
"688,0x46464646",688,0x46464646,,,
"689,0x46420D0A",689,0x46420D0A,,,
"690,0x30783046",690,0x30783046,,,
"691,0x46464646",691,0x46464646,,,
"692,0x46410D0A",692,0x46410D0A,,,
"693,0x30783046",693,0x30783046,,,
"694,0x46464646",694,0x46464646,,,
"695,0x46430D0A",695,0x46430D0A,,,
"696,0x30783046",696,0x30783046,,,
"697,0x46464646",697,0x46464646,,,
"698,0x46420D0A",698,0x46420D0A,,,
"699,0x30783046",699,0x30783046,,,
"700,0x46464646",700,0x46464646,,,
"701,0x46460D0A",701,0x46460D0A,,,
"702,0x30783046",702,0x30783046,,,
"703,0x46464646",703,0x46464646,,,
"704,0x46440D0A",704,0x46440D0A,,,
"705,0x30783046",705,0x30783046,,,
"706,0x46464646",706,0x46464646,,,
"707,0x46430D0A",707,0x46430D0A,,,
"708,0x30783046",708,0x30783046,,,
"709,0x46464646",709,0x46464646,,,
"710,0x46430D0A",710,0x46430D0A,,,
"711,0x30783046",711,0x30783046,,,
"712,0x46464646",712,0x46464646,,,
"713,0x46410D0A",713,0x46410D0A,,,
"714,0x30783046",714,0x30783046,,,
"715,0x46464646",715,0x46464646,,,
"716,0x46410D0A",716,0x46410D0A,,,
"717,0x30783046",717,0x30783046,,,
"718,0x46464646",718,0x46464646,,,
"719,0x46450D0A",719,0x46450D0A,,,
"720,0x30783046",720,0x30783046,,,
"721,0x46464646",721,0x46464646,,,
"722,0x46460D0A",722,0x46460D0A,,,
"723,0x30783046",723,0x30783046,,,
"724,0x46464646",724,0x46464646,,,
"725,0x46440D0A",725,0x46440D0A,,,
"726,0x30783046",726,0x30783046,,,
"727,0x46464646",727,0x46464646,,,
"728,0x46430D0A",728,0x46430D0A,,,
"729,0x30783046",729,0x30783046,,,
"730,0x46464646",730,0x46464646,,,
"731,0x46440D0A",731,0x46440D0A,,,
"732,0x30783046",732,0x30783046,,,
"733,0x46464646",733,0x46464646,,,
"734,0x46430D0A",734,0x46430D0A,,,
"735,0x30783046",735,0x30783046,,,
"736,0x46464646",736,0x46464646,,,
"737,0x46430D0A",737,0x46430D0A,,,
"738,0x30783046",738,0x30783046,,,
"739,0x46464646",739,0x46464646,,,
"740,0x46450D0A",740,0x46450D0A,,,
"741,0x30783046",741,0x30783046,,,
"742,0x46464646",742,0x46464646,,,
"743,0x46430D0A",743,0x46430D0A,,,
"744,0x30783046",744,0x30783046,,,
"745,0x46464646",745,0x46464646,,,
"746,0x46430D0A",746,0x46430D0A,,,
"747,0x30783046",747,0x30783046,,,
"748,0x46464646",748,0x46464646,,,
"749,0x46460D0A",749,0x46460D0A,,,
"750,0x30783046",750,0x30783046,,,
"751,0x46464646",751,0x46464646,,,
"752,0x46430D0A",752,0x46430D0A,,,
"753,0x30783046",753,0x30783046,,,
"754,0x46464646",754,0x46464646,,,
"755,0x46450D0A",755,0x46450D0A,,,
"756,0x30783046",756,0x30783046,,,
"757,0x46464646",757,0x46464646,,,
"758,0x46430D0A",758,0x46430D0A,,,
"759,0x30783046",759,0x30783046,,,
"760,0x46464646",760,0x46464646,,,
"761,0x46410D0A",761,0x46410D0A,,,
"762,0x30783046",762,0x30783046,,,
"763,0x46464646",763,0x46464646,,,
"764,0x46430D0A",764,0x46430D0A,,,
"765,0x30783046",765,0x30783046,,,
"766,0x46464646",766,0x46464646,,,
"767,0x46430D0A",767,0x46430D0A,,,
"768,0x30783046",768,0x30783046,,,
"769,0x46464646",769,0x46464646,,,
"770,0x46440D0A",770,0x46440D0A,,,
"771,0x30783046",771,0x30783046,,,
"772,0x46464646",772,0x46464646,,,
"773,0x46430D0A",773,0x46430D0A,,,
"774,0x30783046",774,0x30783046,,,
"775,0x46464646",775,0x46464646,,,
"776,0x46440D0A",776,0x46440D0A,,,
"777,0x30783046",777,0x30783046,,,
"778,0x46464646",778,0x46464646,,,
"779,0x46440D0A",779,0x46440D0A,,,
"780,0x30783046",780,0x30783046,,,
"781,0x46464646",781,0x46464646,,,
"782,0x46430D0A",782,0x46430D0A,,,
"783,0x30783046",783,0x30783046,,,
"784,0x46464646",784,0x46464646,,,
"785,0x46460D0A",785,0x46460D0A,,,
"786,0x30783046",786,0x30783046,,,
"787,0x46464646",787,0x46464646,,,
"788,0x46420D0A",788,0x46420D0A,,,
"789,0x30783046",789,0x30783046,,,
"790,0x46464646",790,0x46464646,,,
"791,0x46430D0A",791,0x46430D0A,,,
"792,0x30783046",792,0x30783046,,,
"793,0x46464646",793,0x46464646,,,
"794,0x46440D0A",794,0x46440D0A,,,
"795,0x30783046",795,0x30783046,,,
"796,0x46464646",796,0x46464646,,,
"797,0x46460D0A",797,0x46460D0A,,,
"798,0x30783046",798,0x30783046,,,
"799,0x46464646",799,0x46464646,,,
"800,0x46420D0A",800,0x46420D0A,,,
"801,0x30783046",801,0x30783046,,,
"802,0x46464646",802,0x46464646,,,
"803,0x46440D0A",803,0x46440D0A,,,
"804,0x30783046",804,0x30783046,,,
"805,0x46464646",805,0x46464646,,,
"806,0x46440D0A",806,0x46440D0A,,,
"807,0x30783046",807,0x30783046,,,
"808,0x46464646",808,0x46464646,,,
"809,0x46440D0A",809,0x46440D0A,,,
"810,0x30783046",810,0x30783046,,,
"811,0x46464646",811,0x46464646,,,
"812,0x46450D0A",812,0x46450D0A,,,
"813,0x30783046",813,0x30783046,,,
"814,0x46464646",814,0x46464646,,,
"815,0x46430D0A",815,0x46430D0A,,,
"816,0x30783046",816,0x30783046,,,
"817,0x46464646",817,0x46464646,,,
"818,0x46430D0A",818,0x46430D0A,,,
"819,0x30783046",819,0x30783046,,,
"820,0x46464646",820,0x46464646,,,
"821,0x46430D0A",821,0x46430D0A,,,
"822,0x30783046",822,0x30783046,,,
"823,0x46464646",823,0x46464646,,,
"824,0x46460D0A",824,0x46460D0A,,,
"825,0x30783046",825,0x30783046,,,
"826,0x46464646",826,0x46464646,,,
"827,0x46430D0A",827,0x46430D0A,,,
"828,0x30783046",828,0x30783046,,,
"829,0x46464646",829,0x46464646,,,
"830,0x46430D0A",830,0x46430D0A,,,
"831,0x30783046",831,0x30783046,,,
"832,0x46464646",832,0x46464646,,,
"833,0x46450D0A",833,0x46450D0A,,,
"834,0x30783046",834,0x30783046,,,
"835,0x46464646",835,0x46464646,,,
"836,0x46410D0A",836,0x46410D0A,,,
"837,0x30783046",837,0x30783046,,,
"838,0x46464646",838,0x46464646,,,
"839,0x46420D0A",839,0x46420D0A,,,
"840,0x30783046",840,0x30783046,,,
"841,0x46464646",841,0x46464646,,,
"842,0x46430D0A",842,0x46430D0A,,,
"843,0x30783046",843,0x30783046,,,
"844,0x46464646",844,0x46464646,,,
"845,0x46430D0A",845,0x46430D0A,,,
"846,0x30783046",846,0x30783046,,,
"847,0x46464646",847,0x46464646,,,
"848,0x46440D0A",848,0x46440D0A,,,
"849,0x30783046",849,0x30783046,,,
"850,0x46464646",850,0x46464646,,,
"851,0x46450D0A",851,0x46450D0A,,,
"852,0x30783046",852,0x30783046,,,
"853,0x46464646",853,0x46464646,,,
"854,0x46430D0A",854,0x46430D0A,,,
"855,0x30783046",855,0x30783046,,,
"856,0x46464646",856,0x46464646,,,
"857,0x46430D0A",857,0x46430D0A,,,
"858,0x30783046",858,0x30783046,,,
"859,0x46464646",859,0x46464646,,,
"860,0x46430D0A",860,0x46430D0A,,,
"861,0x30783046",861,0x30783046,,,
"862,0x46464646",862,0x46464646,,,
"863,0x46460D0A",863,0x46460D0A,,,
"864,0x30783046",864,0x30783046,,,
"865,0x46464646",865,0x46464646,,,
"866,0x46430D0A",866,0x46430D0A,,,
"867,0x30783046",867,0x30783046,,,
"868,0x46464646",868,0x46464646,,,
"869,0x46430D0A",869,0x46430D0A,,,
"870,0x30783046",870,0x30783046,,,
"871,0x46464646",871,0x46464646,,,
"872,0x46450D0A",872,0x46450D0A,,,
"873,0x30783046",873,0x30783046,,,
"874,0x46464646",874,0x46464646,,,
"875,0x46460D0A",875,0x46460D0A,,,
"876,0x30783046",876,0x30783046,,,
"877,0x46464646",877,0x46464646,,,
"878,0x46450D0A",878,0x46450D0A,,,
"879,0x30783046",879,0x30783046,,,
"880,0x46464646",880,0x46464646,,,
"881,0x46410D0A",881,0x46410D0A,,,
"882,0x30783046",882,0x30783046,,,
"883,0x46464646",883,0x46464646,,,
"884,0x46430D0A",884,0x46430D0A,,,
"885,0x30783046",885,0x30783046,,,
"886,0x46464646",886,0x46464646,,,
"887,0x46430D0A",887,0x46430D0A,,,
"888,0x30783046",888,0x30783046,,,
"889,0x46464646",889,0x46464646,,,
"890,0x46430D0A",890,0x46430D0A,,,
"891,0x30783046",891,0x30783046,,,
"892,0x46464646",892,0x46464646,,,
"893,0x46450D0A",893,0x46450D0A,,,
"894,0x30783046",894,0x30783046,,,
"895,0x46464646",895,0x46464646,,,
"896,0x46440D0A",896,0x46440D0A,,,
"897,0x30783046",897,0x30783046,,,
"898,0x46464646",898,0x46464646,,,
"899,0x46430D0A",899,0x46430D0A,,,
"900,0x30783046",900,0x30783046,,,
"901,0x46464646",901,0x46464646,,,
"902,0x46440D0A",902,0x46440D0A,,,
"903,0x30783046",903,0x30783046,,,
"904,0x46464646",904,0x46464646,,,
"905,0x46420D0A",905,0x46420D0A,,,
"906,0x30783046",906,0x30783046,,,
"907,0x46464646",907,0x46464646,,,
"908,0x46420D0A",908,0x46420D0A,,,
"909,0x30783046",909,0x30783046,,,
"910,0x46464646",910,0x46464646,,,
"911,0x46440D0A",911,0x46440D0A,,,
"912,0x30783046",912,0x30783046,,,
"913,0x46464646",913,0x46464646,,,
"914,0x46430D0A",914,0x46430D0A,,,
"915,0x30783046",915,0x30783046,,,
"916,0x46464646",916,0x46464646,,,
"917,0x46430D0A",917,0x46430D0A,,,
"918,0x30783046",918,0x30783046,,,
"919,0x46464646",919,0x46464646,,,
"920,0x46430D0A",920,0x46430D0A,,,
"921,0x30783046",921,0x30783046,,,
"922,0x46464646",922,0x46464646,,,
"923,0x46420D0A",923,0x46420D0A,,,
"924,0x30783046",924,0x30783046,,,
"925,0x46464646",925,0x46464646,,,
"926,0x46430D0A",926,0x46430D0A,,,
"927,0x30783046",927,0x30783046,,,
"928,0x46464646",928,0x46464646,,,
"929,0x46440D0A",929,0x46440D0A,,,
"930,0x30783046",930,0x30783046,,,
"931,0x46464646",931,0x46464646,,,
"932,0x46440D0A",932,0x46440D0A,,,
"933,0x30783046",933,0x30783046,,,
"934,0x46464646",934,0x46464646,,,
"935,0x46420D0A",935,0x46420D0A,,,
"936,0x30783046",936,0x30783046,,,
"937,0x46464646",937,0x46464646,,,
"938,0x46410D0A",938,0x46410D0A,,,
"939,0x30783046",939,0x30783046,,,
"940,0x46464646",940,0x46464646,,,
"941,0x46430D0A",941,0x46430D0A,,,
"942,0x30783046",942,0x30783046,,,
"943,0x46464646",943,0x46464646,,,
"944,0x46430D0A",944,0x46430D0A,,,
"945,0x30783046",945,0x30783046,,,
"946,0x46464646",946,0x46464646,,,
"947,0x46440D0A",947,0x46440D0A,,,
"948,0x30783046",948,0x30783046,,,
"949,0x46464646",949,0x46464646,,,
"950,0x46430D0A",950,0x46430D0A,,,
"951,0x30783046",951,0x30783046,,,
"952,0x46464646",952,0x46464646,,,
"953,0x46460D0A",953,0x46460D0A,,,
"954,0x30783046",954,0x30783046,,,
"955,0x46464646",955,0x46464646,,,
"956,0x46450D0A",956,0x46450D0A,,,
"957,0x30783046",957,0x30783046,,,
"958,0x46464646",958,0x46464646,,,
"959,0x46420D0A",959,0x46420D0A,,,
"960,0x30783046",960,0x30783046,,,
"961,0x46464646",961,0x46464646,,,
"962,0x46410D0A",962,0x46410D0A,,,
"963,0x30783046",963,0x30783046,,,
"964,0x46464646",964,0x46464646,,,
"965,0x46440D0A",965,0x46440D0A,,,
"966,0x30783046",966,0x30783046,,,
"967,0x46464646",967,0x46464646,,,
"968,0x46460D0A",968,0x46460D0A,,,
"969,0x30783046",969,0x30783046,,,
"970,0x46464646",970,0x46464646,,,
"971,0x46430D0A",971,0x46430D0A,,,
"972,0x30783046",972,0x30783046,,,
"973,0x46464646",973,0x46464646,,,
"974,0x46430D0A",974,0x46430D0A,,,
"975,0x30783046",975,0x30783046,,,
"976,0x46464646",976,0x46464646,,,
"977,0x46440D0A",977,0x46440D0A,,,
"978,0x30783046",978,0x30783046,,,
"979,0x46464646",979,0x46464646,,,
"980,0x46460D0A",980,0x46460D0A,,,
"981,0x30783046",981,0x30783046,,,
"982,0x46464646",982,0x46464646,,,
"983,0x46450D0A",983,0x46450D0A,,,
"984,0x30783046",984,0x30783046,,,
"985,0x46464646",985,0x46464646,,,
"986,0x46440D0A",986,0x46440D0A,,,
"987,0x30783046",987,0x30783046,,,
"988,0x46464646",988,0x46464646,,,
"989,0x46440D0A",989,0x46440D0A,,,
"990,0x30783046",990,0x30783046,,,
"991,0x46464646",991,0x46464646,,,
"992,0x46430D0A",992,0x46430D0A,,,
"993,0x30783046",993,0x30783046,,,
"994,0x46464646",994,0x46464646,,,
"995,0x46450D0A",995,0x46450D0A,,,
"996,0x30783046",996,0x30783046,,,
"997,0x46464646",997,0x46464646,,,
"998,0x46430D0A",998,0x46430D0A,,,
"999,0x30783046",999,0x30783046,,,
3,48,,,,
3,52,,,,
3,120,,,,
3,48,,,,
3,52,,,,
3,120,,,,
3,48,,,,
3,52,,,,
3,120,,,,
3,48,,,,
3,52,,,,
3,120,,,,
3,48,,,,
3,52,,,,
3,120,,,,
3,48,,,,
3,52,,,,
3,120,,,,
3,48,,,,
3,52,,,,
3,120,,,,
3,48,,,,
3,52,,,,
3,120,,,,