SAMPLE_NUM,HEX_VALUE,BINARY_17BIT
0,0x30783046,00011000001000110
1,0x46464646,00100011001000110
2,0x46430D0A,10000110100001010
3,0x30783046,00011000001000110
4,0x46464646,00100011001000110
5,0x46450D0A,10000110100001010
6,0x30783046,00011000001000110
7,0x46464646,00100011001000110
8,0x46420D0A,00000110100001010
9,0x30783046,00011000001000110
10,0x46464646,00100011001000110
11,0x46430D0A,10000110100001010
12,0x30783046,00011000001000110
13,0x46464646,00100011001000110
14,0x46410D0A,10000110100001010
15,0x30783046,00011000001000110
16,0x46464646,00100011001000110
17,0x46420D0A,00000110100001010
18,0x30783046,00011000001000110
19,0x46464646,00100011001000110
20,0x46450D0A,10000110100001010
21,0x30783046,00011000001000110
22,0x46464646,00100011001000110
23,0x46440D0A,00000110100001010
24,0x30783046,00011000001000110
25,0x46464646,00100011001000110
26,0x46420D0A,00000110100001010
27,0x30783046,00011000001000110
28,0x46464646,00100011001000110
29,0x46430D0A,10000110100001010
30,0x30783046,00011000001000110
31,0x46464646,00100011001000110
32,0x46460D0A,00000110100001010
33,0x30783046,00011000001000110
34,0x46464646,00100011001000110
35,0x46420D0A,00000110100001010
36,0x30783046,00011000001000110
37,0x46464646,00100011001000110
38,0x46420D0A,00000110100001010
39,0x30783046,00011000001000110
40,0x46464646,00100011001000110
41,0x46420D0A,00000110100001010
42,0x30783046,00011000001000110
43,0x46464646,00100011001000110
44,0x46430D0A,10000110100001010
45,0x30783046,00011000001000110
46,0x46464646,00100011001000110
47,0x46450D0A,10000110100001010
48,0x30783046,00011000001000110
49,0x46464646,00100011001000110
50,0x46430D0A,10000110100001010
51,0x30783046,00011000001000110
52,0x46464646,00100011001000110
53,0x46450D0A,10000110100001010
54,0x30783046,00011000001000110
55,0x46464646,00100011001000110
56,0x46430D0A,10000110100001010
57,0x30783046,00011000001000110
58,0x46464646,00100011001000110
59,0x46420D0A,00000110100001010
60,0x30783046,00011000001000110
61,0x46464646,00100011001000110
62,0x46430D0A,10000110100001010
63,0x30783046,00011000001000110
64,0x46464646,00100011001000110
65,0x46420D0A,00000110100001010
66,0x30783046,00011000001000110
67,0x46464646,00100011001000110
68,0x46440D0A,00000110100001010
69,0x30783046,00011000001000110
70,0x46464646,00100011001000110
71,0x46430D0A,10000110100001010
72,0x30783046,00011000001000110
73,0x46464646,00100011001000110
74,0x46440D0A,00000110100001010
75,0x30783046,00011000001000110
76,0x46464646,00100011001000110
77,0x46430D0A,10000110100001010
78,0x30783046,00011000001000110
79,0x46464646,00100011001000110
80,0x46430D0A,10000110100001010
81,0x30783046,00011000001000110
82,0x46464646,00100011001000110
83,0x46440D0A,00000110100001010
84,0x30783046,00011000001000110
85,0x46464646,00100011001000110
86,0x46430D0A,10000110100001010
87,0x30783046,00011000001000110
88,0x46464646,00100011001000110
89,0x46440D0A,00000110100001010
90,0x30783046,00011000001000110
91,0x46464646,00100011001000110
92,0x46420D0A,00000110100001010
93,0x30783046,00011000001000110
94,0x46464646,00100011001000110
95,0x46450D0A,10000110100001010
96,0x30783046,00011000001000110
97,0x46464646,00100011001000110
98,0x46450D0A,10000110100001010
99,0x30783046,00011000001000110
100,0x46464646,00100011001000110
101,0x46410D0A,10000110100001010
102,0x30783046,00011000001000110
103,0x46464646,00100011001000110
104,0x46410D0A,10000110100001010
105,0x30783046,00011000001000110
106,0x46464646,00100011001000110
107,0x46450D0A,10000110100001010
108,0x30783046,00011000001000110
109,0x46464646,00100011001000110
110,0x46460D0A,00000110100001010
111,0x30783046,00011000001000110
112,0x46464646,00100011001000110
113,0x46450D0A,10000110100001010
114,0x30783046,00011000001000110
115,0x46464646,00100011001000110
116,0x46430D0A,10000110100001010
117,0x30783046,00011000001000110
118,0x46464646,00100011001000110
119,0x46450D0A,10000110100001010
120,0x30783046,00011000001000110
121,0x46464646,00100011001000110
122,0x46430D0A,10000110100001010
123,0x30783046,00011000001000110
124,0x46464646,00100011001000110
125,0x46430D0A,10000110100001010
126,0x30783046,00011000001000110
127,0x46464646,00100011001000110
128,0x46430D0A,10000110100001010
129,0x30783046,00011000001000110
130,0x46464646,00100011001000110
131,0x46430D0A,10000110100001010
132,0x30783046,00011000001000110
133,0x46464646,00100011001000110
134,0x46430D0A,10000110100001010
135,0x30783046,00011000001000110
136,0x46464646,00100011001000110
137,0x46430D0A,10000110100001010
138,0x30783046,00011000001000110
139,0x46464646,00100011001000110
140,0x46450D0A,10000110100001010
141,0x30783046,00011000001000110
142,0x46464646,00100011001000110
143,0x46460D0A,00000110100001010
144,0x30783046,00011000001000110
145,0x46464646,00100011001000110
146,0x46440D0A,00000110100001010
147,0x30783046,00011000001000110
148,0x46464646,00100011001000110
149,0x46440D0A,00000110100001010
150,0x30783046,00011000001000110
151,0x46464646,00100011001000110
152,0x46430D0A,10000110100001010
153,0x30783046,00011000001000110
154,0x46464646,00100011001000110
155,0x46440D0A,00000110100001010
156,0x30783046,00011000001000110
157,0x46464646,00100011001000110
158,0x46440D0A,00000110100001010
159,0x30783046,00011000001000110
160,0x46464646,00100011001000110
161,0x46420D0A,00000110100001010
162,0x30783046,00011000001000110
163,0x46464646,00100011001000110
164,0x46440D0A,00000110100001010
165,0x30783046,00011000001000110
166,0x46464646,00100011001000110
167,0x46430D0A,10000110100001010
168,0x30783046,00011000001000110
169,0x46464646,00100011001000110
170,0x46430D0A,10000110100001010
171,0x30783046,00011000001000110
172,0x46464646,00100011001000110
173,0x46430D0A,10000110100001010
174,0x30783046,00011000001000110
175,0x46464646,00100011001000110
176,0x46460D0A,00000110100001010
177,0x30783046,00011000001000110
178,0x46464646,00100011001000110
179,0x46440D0A,00000110100001010
180,0x30783046,00011000001000110
181,0x46464646,00100011001000110
182,0x46440D0A,00000110100001010
183,0x30783046,00011000001000110
184,0x46464646,00100011001000110
185,0x46420D0A,00000110100001010
186,0x30783046,00011000001000110
187,0x46464646,00100011001000110
188,0x46460D0A,00000110100001010
189,0x30783046,00011000001000110
190,0x46464646,00100011001000110
191,0x46450D0A,10000110100001010
192,0x30783046,00011000001000110
193,0x46464646,00100011001000110
194,0x46430D0A,10000110100001010
195,0x30783046,00011000001000110
196,0x46464646,00100011001000110
197,0x46430D0A,10000110100001010
198,0x30783046,00011000001000110
199,0x46464646,00100011001000110
200,0x46410D0A,10000110100001010
201,0x30783046,00011000001000110
202,0x46464646,00100011001000110
203,0x46430D0A,10000110100001010
204,0x30783046,00011000001000110
205,0x46464646,00100011001000110
206,0x46410D0A,10000110100001010
207,0x30783046,00011000001000110
208,0x46464646,00100011001000110
209,0x46430D0A,10000110100001010
210,0x30783046,00011000001000110
211,0x46464646,00100011001000110
212,0x46410D0A,10000110100001010
213,0x30783046,00011000001000110
214,0x46464646,00100011001000110
215,0x46440D0A,00000110100001010
216,0x30783046,00011000001000110
217,0x46464646,00100011001000110
218,0x46410D0A,10000110100001010
219,0x30783046,00011000001000110
220,0x46464646,00100011001000110
221,0x46410D0A,10000110100001010
222,0x30783046,00011000001000110
223,0x46464646,00100011001000110
224,0x46440D0A,00000110100001010
225,0x30783046,00011000001000110
226,0x46464646,00100011001000110
227,0x46450D0A,10000110100001010
228,0x30783046,00011000001000110
229,0x46464646,00100011001000110
230,0x46440D0A,00000110100001010
231,0x30783046,00011000001000110
232,0x46464646,00100011001000110
233,0x46410D0A,10000110100001010
234,0x30783046,00011000001000110
235,0x46464646,00100011001000110
236,0x46430D0A,10000110100001010
237,0x30783046,00011000001000110
238,0x46464646,00100011001000110
239,0x46430D0A,10000110100001010
240,0x30783046,00011000001000110
241,0x46464646,00100011001000110
242,0x46450D0A,10000110100001010
243,0x30783046,00011000001000110
244,0x46464646,00100011001000110
245,0x46430D0A,10000110100001010
246,0x30783046,00011000001000110
247,0x46464646,00100011001000110
248,0x46450D0A,10000110100001010
249,0x30783046,00011000001000110
250,0x46464646,00100011001000110
251,0x46450D0A,10000110100001010
252,0x30783046,00011000001000110
253,0x46464646,00100011001000110
254,0x46430D0A,10000110100001010
255,0x30783046,00011000001000110
256,0x46464646,00100011001000110
257,0x46420D0A,00000110100001010
258,0x30783046,00011000001000110
259,0x46464646,00100011001000110
260,0x46420D0A,00000110100001010
261,0x30783046,00011000001000110
262,0x46464646,00100011001000110
263,0x46430D0A,10000110100001010
264,0x30783046,00011000001000110
265,0x46464646,00100011001000110
266,0x46410D0A,10000110100001010
267,0x30783046,00011000001000110
268,0x46464646,00100011001000110
269,0x46430D0A,10000110100001010
270,0x30783046,00011000001000110
271,0x46464646,00100011001000110
272,0x46440D0A,00000110100001010
273,0x30783046,00011000001000110
274,0x46464646,00100011001000110
275,0x46430D0A,10000110100001010
276,0x30783046,00011000001000110
277,0x46464646,00100011001000110
278,0x46430D0A,10000110100001010
279,0x30783046,00011000001000110
280,0x46464646,00100011001000110
281,0x46460D0A,00000110100001010
282,0x30783046,00011000001000110
283,0x46464646,00100011001000110
284,0x46430D0A,10000110100001010
285,0x30783046,00011000001000110
286,0x46464646,00100011001000110
287,0x46460D0A,00000110100001010
288,0x30783046,00011000001000110
289,0x46464646,00100011001000110
290,0x46430D0A,10000110100001010
291,0x30783046,00011000001000110
292,0x46464646,00100011001000110
293,0x46440D0A,00000110100001010
294,0x30783046,00011000001000110
295,0x46464646,00100011001000110
296,0x46430D0A,10000110100001010
297,0x30783046,00011000001000110
298,0x46464646,00100011001000110
299,0x46430D0A,10000110100001010
300,0x30783046,00011000001000110
301,0x46464646,00100011001000110
302,0x46430D0A,10000110100001010
303,0x30783046,00011000001000110
304,0x46464646,00100011001000110
305,0x46430D0A,10000110100001010
306,0x30783046,00011000001000110
307,0x46464646,00100011001000110
308,0x46430D0A,10000110100001010
309,0x30783046,00011000001000110
310,0x46464646,00100011001000110
311,0x46450D0A,10000110100001010
312,0x30783046,00011000001000110
313,0x46464646,00100011001000110
314,0x46430D0A,10000110100001010
315,0x30783046,00011000001000110
316,0x46464646,00100011001000110
317,0x46440D0A,00000110100001010
318,0x30783046,00011000001000110
319,0x46464646,00100011001000110
320,0x46420D0A,00000110100001010
321,0x30783046,00011000001000110
322,0x46464646,00100011001000110
323,0x46420D0A,00000110100001010
324,0x30783046,00011000001000110
325,0x46464646,00100011001000110
326,0x46410D0A,10000110100001010
327,0x30783046,00011000001000110
328,0x46464646,00100011001000110
329,0x46460D0A,00000110100001010
330,0x30783046,00011000001000110
331,0x46464646,00100011001000110
332,0x46410D0A,10000110100001010
333,0x30783046,00011000001000110
334,0x46464646,00100011001000110
335,0x46430D0A,10000110100001010
336,0x30783046,00011000001000110
337,0x46464646,00100011001000110
338,0x46420D0A,00000110100001010
339,0x30783046,00011000001000110
340,0x46464646,00100011001000110
341,0x46430D0A,10000110100001010
342,0x30783046,00011000001000110
343,0x46464646,00100011001000110
344,0x46450D0A,10000110100001010
345,0x30783046,00011000001000110
346,0x46464646,00100011001000110
347,0x46430D0A,10000110100001010
348,0x30783046,00011000001000110
349,0x46464646,00100011001000110
350,0x46430D0A,10000110100001010
351,0x30783046,00011000001000110
352,0x46464646,00100011001000110
353,0x46430D0A,10000110100001010
354,0x30783046,00011000001000110
355,0x46464646,00100011001000110
356,0x46430D0A,10000110100001010
357,0x30783046,00011000001000110
358,0x46464646,00100011001000110
359,0x46440D0A,00000110100001010
360,0x30783046,00011000001000110
361,0x46464646,00100011001000110
362,0x46430D0A,10000110100001010
363,0x30783046,00011000001000110
364,0x46464646,00100011001000110
365,0x46440D0A,00000110100001010
366,0x30783046,00011000001000110
367,0x46464646,00100011001000110
368,0x46430D0A,10000110100001010
369,0x30783046,00011000001000110
370,0x46464646,00100011001000110
371,0x46450D0A,10000110100001010
372,0x30783046,00011000001000110
373,0x46464646,00100011001000110
374,0x46430D0A,10000110100001010
375,0x30783046,00011000001000110
376,0x46464646,00100011001000110
377,0x46420D0A,00000110100001010
378,0x30783046,00011000001000110
379,0x46464646,00100011001000110
380,0x46420D0A,00000110100001010
381,0x30783046,00011000001000110
382,0x46464646,00100011001000110
383,0x46450D0A,10000110100001010
384,0x30783046,00011000001000110
385,0x46464646,00100011001000110
386,0x46450D0A,10000110100001010
387,0x30783046,00011000001000110
388,0x46464646,00100011001000110
389,0x46430D0A,10000110100001010
390,0x30783046,00011000001000110
391,0x46464646,00100011001000110
392,0x46460D0A,00000110100001010
393,0x30783046,00011000001000110
394,0x46464646,00100011001000110
395,0x46450D0A,10000110100001010
396,0x30783046,00011000001000110
397,0x46464646,00100011001000110
398,0x46420D0A,00000110100001010
399,0x30783046,00011000001000110
400,0x46464646,00100011001000110
401,0x46420D0A,00000110100001010
402,0x30783046,00011000001000110
403,0x46464646,00100011001000110
404,0x46430D0A,10000110100001010
405,0x30783046,00011000001000110
406,0x46464646,00100011001000110
407,0x46430D0A,10000110100001010
408,0x30783046,00011000001000110
409,0x46464646,00100011001000110
410,0x46440D0A,00000110100001010
411,0x30783046,00011000001000110
412,0x46464646,00100011001000110
413,0x46430D0A,10000110100001010
414,0x30783046,00011000001000110
415,0x46464646,00100011001000110
416,0x46430D0A,10000110100001010
417,0x30783046,00011000001000110
418,0x46464646,00100011001000110
419,0x46430D0A,10000110100001010
420,0x30783046,00011000001000110
421,0x46464646,00100011001000110
422,0x46450D0A,10000110100001010
423,0x30783046,00011000001000110
424,0x46464646,00100011001000110
425,0x46450D0A,10000110100001010
426,0x30783046,00011000001000110
427,0x46464646,00100011001000110
428,0x46440D0A,00000110100001010
429,0x30783046,00011000001000110
430,0x46464646,00100011001000110
431,0x46450D0A,10000110100001010
432,0x30783046,00011000001000110
433,0x46464646,00100011001000110
434,0x46430D0A,10000110100001010
435,0x30783046,00011000001000110
436,0x46464646,00100011001000110
437,0x46460D0A,00000110100001010
438,0x30783046,00011000001000110
439,0x46464646,00100011001000110
440,0x46420D0A,00000110100001010
441,0x30783046,00011000001000110
442,0x46464646,00100011001000110
443,0x46410D0A,10000110100001010
444,0x30783046,00011000001000110
445,0x46464646,00100011001000110
446,0x46420D0A,00000110100001010
447,0x30783046,00011000001000110
448,0x46464646,00100011001000110
449,0x46430D0A,10000110100001010
450,0x30783046,00011000001000110
451,0x46464646,00100011001000110
452,0x46410D0A,10000110100001010
453,0x30783046,00011000001000110
454,0x46464646,00100011001000110
455,0x46410D0A,10000110100001010
456,0x30783046,00011000001000110
457,0x46464646,00100011001000110
458,0x46430D0A,10000110100001010
459,0x30783046,00011000001000110
460,0x46464646,00100011001000110
461,0x46450D0A,10000110100001010
462,0x30783046,00011000001000110
463,0x46464646,00100011001000110
464,0x46440D0A,00000110100001010
465,0x30783046,00011000001000110
466,0x46464646,00100011001000110
467,0x46430D0A,10000110100001010
468,0x30783046,00011000001000110
469,0x46464646,00100011001000110
470,0x46440D0A,00000110100001010
471,0x30783046,00011000001000110
472,0x46464646,00100011001000110
473,0x46440D0A,00000110100001010
474,0x30783046,00011000001000110
475,0x46464646,00100011001000110
476,0x46430D0A,10000110100001010
477,0x30783046,00011000001000110
478,0x46464646,00100011001000110
479,0x46430D0A,10000110100001010
480,0x30783046,00011000001000110
481,0x46464646,00100011001000110
482,0x46430D0A,10000110100001010
483,0x30783046,00011000001000110
484,0x46464646,00100011001000110
485,0x46430D0A,10000110100001010
486,0x30783046,00011000001000110
487,0x46464646,00100011001000110
488,0x46440D0A,00000110100001010
489,0x30783046,00011000001000110
490,0x46464646,00100011001000110
491,0x46430D0A,10000110100001010
492,0x30783046,00011000001000110
493,0x46464646,00100011001000110
494,0x46460D0A,00000110100001010
495,0x30783046,00011000001000110
496,0x46464646,00100011001000110
497,0x46460D0A,00000110100001010
498,0x30783046,00011000001000110
499,0x46464646,00100011001000110
500,0x46450D0A,10000110100001010
501,0x30783046,00011000001000110
502,0x46464646,00100011001000110
503,0x46420D0A,00000110100001010
504,0x30783046,00011000001000110
505,0x46464646,00100011001000110
506,0x46430D0A,10000110100001010
507,0x30783046,00011000001000110
508,0x46464646,00100011001000110
509,0x46440D0A,00000110100001010
510,0x30783046,00011000001000110
511,0x46464646,00100011001000110
512,0x46430D0A,10000110100001010
513,0x30783046,00011000001000110
514,0x46464646,00100011001000110
515,0x46440D0A,00000110100001010
516,0x30783046,00011000001000110
517,0x46464646,00100011001000110
518,0x46420D0A,00000110100001010
519,0x30783046,00011000001000110
520,0x46464646,00100011001000110
521,0x46450D0A,10000110100001010
522,0x30783046,00011000001000110
523,0x46464646,00100011001000110
524,0x46430D0A,10000110100001010
525,0x30783046,00011000001000110
526,0x46464646,00100011001000110
527,0x46430D0A,10000110100001010
528,0x30783046,00011000001000110
529,0x46464646,00100011001000110
530,0x46420D0A,00000110100001010
531,0x30783046,00011000001000110
532,0x46464646,00100011001000110
533,0x46430D0A,10000110100001010
534,0x30783030,00011000000110000
535,0x30303030,00011000000110000
536,0x30300D0A,00000110100001010
537,0x30783046,00011000001000110
538,0x46464646,00100011001000110
539,0x46450D0A,10000110100001010
540,0x30783046,00011000001000110
541,0x46464646,00100011001000110
542,0x46450D0A,10000110100001010
543,0x30783046,00011000001000110
544,0x46464646,00100011001000110
545,0x46440D0A,00000110100001010
546,0x30783046,00011000001000110
547,0x46464646,00100011001000110
548,0x46450D0A,10000110100001010
549,0x30783046,00011000001000110
550,0x46464646,00100011001000110
551,0x46450D0A,10000110100001010
552,0x30783046,00011000001000110
553,0x46464646,00100011001000110
554,0x46430D0A,10000110100001010
555,0x30783046,00011000001000110
556,0x46464646,00100011001000110
557,0x46430D0A,10000110100001010
558,0x30783046,00011000001000110
559,0x46464646,00100011001000110
560,0x46430D0A,10000110100001010
561,0x30783046,00011000001000110
562,0x46464646,00100011001000110
563,0x46440D0A,00000110100001010
564,0x30783046,00011000001000110
565,0x46464646,00100011001000110
566,0x46430D0A,10000110100001010
567,0x30783046,00011000001000110
568,0x46464646,00100011001000110
569,0x46440D0A,00000110100001010
570,0x30783046,00011000001000110
571,0x46464646,00100011001000110
572,0x46460D0A,00000110100001010
573,0x30783046,00011000001000110
574,0x46464646,00100011001000110
575,0x46420D0A,00000110100001010
576,0x30783046,00011000001000110
577,0x46464646,00100011001000110
578,0x46420D0A,00000110100001010
579,0x30783046,00011000001000110
580,0x46464646,00100011001000110
581,0x46440D0A,00000110100001010
582,0x30783046,00011000001000110
583,0x46464646,00100011001000110
584,0x46430D0A,10000110100001010
585,0x30783046,00011000001000110
586,0x46464646,00100011001000110
587,0x46460D0A,00000110100001010
588,0x30783046,00011000001000110
589,0x46464646,00100011001000110
590,0x46420D0A,00000110100001010
591,0x30783046,00011000001000110
592,0x46464646,00100011001000110
593,0x46430D0A,10000110100001010
594,0x30783046,00011000001000110
595,0x46464646,00100011001000110
596,0x46420D0A,00000110100001010
597,0x30783046,00011000001000110
598,0x46464646,00100011001000110
599,0x46430D0A,10000110100001010
600,0x30783046,00011000001000110
601,0x46464646,00100011001000110
602,0x46410D0A,10000110100001010
603,0x30783046,00011000001000110
604,0x46464646,00100011001000110
605,0x46430D0A,10000110100001010
606,0x30783046,00011000001000110
607,0x46464646,00100011001000110
608,0x46460D0A,00000110100001010
609,0x30783046,00011000001000110
610,0x46464646,00100011001000110
611,0x46440D0A,00000110100001010
612,0x30783046,00011000001000110
613,0x46464646,00100011001000110
614,0x46430D0A,10000110100001010
615,0x30783046,00011000001000110
616,0x46464646,00100011001000110
617,0x46430D0A,10000110100001010
618,0x30783046,00011000001000110
619,0x46464646,00100011001000110
620,0x46460D0A,00000110100001010
621,0x30783046,00011000001000110
622,0x46464646,00100011001000110
623,0x46430D0A,10000110100001010
624,0x30783046,00011000001000110
625,0x46464646,00100011001000110
626,0x46440D0A,00000110100001010
627,0x30783046,00011000001000110
628,0x46464646,00100011001000110
629,0x46420D0A,00000110100001010
630,0x30783046,00011000001000110
631,0x46464646,00100011001000110
632,0x46460D0A,00000110100001010
633,0x30783046,00011000001000110
634,0x46464646,00100011001000110
635,0x46440D0A,00000110100001010
636,0x30783046,00011000001000110
637,0x46464646,00100011001000110
638,0x46460D0A,00000110100001010
639,0x30783046,00011000001000110
640,0x46464646,00100011001000110
641,0x46430D0A,10000110100001010
642,0x30783046,00011000001000110
643,0x46464646,00100011001000110
644,0x46430D0A,10000110100001010
645,0x30783046,00011000001000110
646,0x46464646,00100011001000110
647,0x46420D0A,00000110100001010
648,0x30783046,00011000001000110
649,0x46464646,00100011001000110
650,0x46420D0A,00000110100001010
651,0x30783046,00011000001000110
652,0x46464646,00100011001000110
653,0x46450D0A,10000110100001010
654,0x30783046,00011000001000110
655,0x46464646,00100011001000110
656,0x46430D0A,10000110100001010
657,0x30783046,00011000001000110
658,0x46464646,00100011001000110
659,0x46420D0A,00000110100001010
660,0x30783046,00011000001000110
661,0x46464646,00100011001000110
662,0x46460D0A,00000110100001010
663,0x30783046,00011000001000110
664,0x46464646,00100011001000110
665,0x46430D0A,10000110100001010
666,0x30783046,00011000001000110
667,0x46464646,00100011001000110
668,0x46440D0A,00000110100001010
669,0x30783046,00011000001000110
670,0x46464646,00100011001000110
671,0x46460D0A,00000110100001010
672,0x30783046,00011000001000110
673,0x46464646,00100011001000110
674,0x46440D0A,00000110100001010
675,0x30783046,00011000001000110
676,0x46464646,00100011001000110
677,0x46420D0A,00000110100001010
678,0x30783046,00011000001000110
679,0x46464646,00100011001000110
680,0x46430D0A,10000110100001010
681,0x30783046,00011000001000110
682,0x46464646,00100011001000110
683,0x46440D0A,00000110100001010
684,0x30783046,00011000001000110
685,0x46464646,00100011001000110
686,0x46440D0A,00000110100001010
687,0x30783046,00011000001000110
688,0x46464646,00100011001000110
689,0x46430D0A,10000110100001010
690,0x30783046,00011000001000110
691,0x46464646,00100011001000110
692,0x46440D0A,00000110100001010
693,0x30783046,00011000001000110
694,0x46464646,00100011001000110
695,0x46430D0A,10000110100001010
696,0x30783046,00011000001000110
697,0x46464646,00100011001000110
698,0x46440D0A,00000110100001010
699,0x30783046,00011000001000110
700,0x46464646,00100011001000110
701,0x46430D0A,10000110100001010
702,0x30783046,00011000001000110
703,0x46464646,00100011001000110
704,0x46420D0A,00000110100001010
705,0x30783046,00011000001000110
706,0x46464646,00100011001000110
707,0x46430D0A,10000110100001010
708,0x30783046,00011000001000110
709,0x46464646,00100011001000110
710,0x46440D0A,00000110100001010
711,0x30783046,00011000001000110
712,0x46464646,00100011001000110
713,0x46450D0A,10000110100001010
714,0x30783046,00011000001000110
715,0x46464646,00100011001000110
716,0x46450D0A,10000110100001010
717,0x30783046,00011000001000110
718,0x46464646,00100011001000110
719,0x46450D0A,10000110100001010
720,0x30783046,00011000001000110
721,0x46464646,00100011001000110
722,0x46440D0A,00000110100001010
723,0x30783046,00011000001000110
724,0x46464646,00100011001000110
725,0x46430D0A,10000110100001010
726,0x30783046,00011000001000110
727,0x46464646,00100011001000110
728,0x46440D0A,00000110100001010
729,0x30783046,00011000001000110
730,0x46464646,00100011001000110
731,0x46430D0A,10000110100001010
732,0x30783046,00011000001000110
733,0x46464646,00100011001000110
734,0x46450D0A,10000110100001010
735,0x30783046,00011000001000110
736,0x46464646,00100011001000110
737,0x46440D0A,00000110100001010
738,0x30783046,00011000001000110
739,0x46464646,00100011001000110
740,0x46460D0A,00000110100001010
741,0x30783046,00011000001000110
742,0x46464646,00100011001000110
743,0x46440D0A,00000110100001010
744,0x30783046,00011000001000110
745,0x46464646,00100011001000110
746,0x46410D0A,10000110100001010
747,0x30783046,00011000001000110
748,0x46464646,00100011001000110
749,0x46460D0A,00000110100001010
750,0x30783046,00011000001000110
751,0x46464646,00100011001000110
752,0x46430D0A,10000110100001010
753,0x30783046,00011000001000110
754,0x46464646,00100011001000110
755,0x46460D0A,00000110100001010
756,0x30783046,00011000001000110
757,0x46464646,00100011001000110
758,0x46430D0A,10000110100001010
759,0x30783046,00011000001000110
760,0x46464646,00100011001000110
761,0x46430D0A,10000110100001010
762,0x30783046,00011000001000110
763,0x46464646,00100011001000110
764,0x46460D0A,00000110100001010
765,0x30783046,00011000001000110
766,0x46464646,00100011001000110
767,0x46450D0A,10000110100001010
768,0x30783046,00011000001000110
769,0x46464646,00100011001000110
770,0x46420D0A,00000110100001010
771,0x30783046,00011000001000110
772,0x46464646,00100011001000110
773,0x46430D0A,10000110100001010
774,0x30783046,00011000001000110
775,0x46464646,00100011001000110
776,0x46420D0A,00000110100001010
777,0x30783046,00011000001000110
778,0x46464646,00100011001000110
779,0x46440D0A,00000110100001010
780,0x30783046,00011000001000110
781,0x46464646,00100011001000110
782,0x46440D0A,00000110100001010
783,0x30783046,00011000001000110
784,0x46464646,00100011001000110
785,0x46420D0A,00000110100001010
786,0x30783046,00011000001000110
787,0x46464646,00100011001000110
788,0x46430D0A,10000110100001010
789,0x30783046,00011000001000110
790,0x46464646,00100011001000110
791,0x46430D0A,10000110100001010
792,0x30783046,00011000001000110
793,0x46464646,00100011001000110
794,0x46430D0A,10000110100001010
795,0x30783046,00011000001000110
796,0x46464646,00100011001000110
797,0x46430D0A,10000110100001010
798,0x30783046,00011000001000110
799,0x46464646,00100011001000110
800,0x46440D0A,00000110100001010
801,0x30783046,00011000001000110
802,0x46464646,00100011001000110
803,0x46430D0A,10000110100001010
804,0x30783046,00011000001000110
805,0x46464646,00100011001000110
806,0x46440D0A,00000110100001010
807,0x30783046,00011000001000110
808,0x46464646,00100011001000110
809,0x46430D0A,10000110100001010
810,0x30783046,00011000001000110
811,0x46464646,00100011001000110
812,0x46440D0A,00000110100001010
813,0x30783046,00011000001000110
814,0x46464646,00100011001000110
815,0x46430D0A,10000110100001010
816,0x30783046,00011000001000110
817,0x46464646,00100011001000110
818,0x46430D0A,10000110100001010
819,0x30783046,00011000001000110
820,0x46464646,00100011001000110
821,0x46430D0A,10000110100001010
822,0x30783046,00011000001000110
823,0x46464646,00100011001000110
824,0x46450D0A,10000110100001010
825,0x30783046,00011000001000110
826,0x46464646,00100011001000110
827,0x46440D0A,00000110100001010
828,0x30783046,00011000001000110
829,0x46464646,00100011001000110
830,0x46460D0A,00000110100001010
831,0x30783046,00011000001000110
832,0x46464646,00100011001000110
833,0x46430D0A,10000110100001010
834,0x30783046,00011000001000110
835,0x46464646,00100011001000110
836,0x46450D0A,10000110100001010
837,0x30783046,00011000001000110
838,0x46464646,00100011001000110
839,0x46440D0A,00000110100001010
840,0x30783046,00011000001000110
841,0x46464646,00100011001000110
842,0x46460D0A,00000110100001010
843,0x30783046,00011000001000110
844,0x46464646,00100011001000110
845,0x46430D0A,10000110100001010
846,0x30783046,00011000001000110
847,0x46464646,00100011001000110
848,0x46410D0A,10000110100001010
849,0x30783046,00011000001000110
850,0x46464646,00100011001000110
851,0x46430D0A,10000110100001010
852,0x30783046,00011000001000110
853,0x46464646,00100011001000110
854,0x46450D0A,10000110100001010
855,0x30783030,00011000000110000
856,0x30303030,00011000000110000
857,0x30310D0A,10000110100001010
858,0x30783046,00011000001000110
859,0x46464646,00100011001000110
860,0x46440D0A,00000110100001010
861,0x30783046,00011000001000110
862,0x46464646,00100011001000110
863,0x46450D0A,10000110100001010
864,0x30783046,00011000001000110
865,0x46464646,00100011001000110
866,0x46430D0A,10000110100001010
867,0x30783046,00011000001000110
868,0x46464646,00100011001000110
869,0x46440D0A,00000110100001010
870,0x30783046,00011000001000110
871,0x46464646,00100011001000110
872,0x46450D0A,10000110100001010
873,0x30783046,00011000001000110
874,0x46464646,00100011001000110
875,0x46430D0A,10000110100001010
876,0x30783046,00011000001000110
877,0x46464646,00100011001000110
878,0x46430D0A,10000110100001010
879,0x30783046,00011000001000110
880,0x46464646,00100011001000110
881,0x46440D0A,00000110100001010
882,0x30783046,00011000001000110
883,0x46464646,00100011001000110
884,0x46430D0A,10000110100001010
885,0x30783046,00011000001000110
886,0x46464646,00100011001000110
887,0x46420D0A,00000110100001010
888,0x30783046,00011000001000110
889,0x46464646,00100011001000110
890,0x46420D0A,00000110100001010
891,0x30783046,00011000001000110
892,0x46464646,00100011001000110
893,0x46430D0A,10000110100001010
894,0x30783046,00011000001000110
895,0x46464646,00100011001000110
896,0x46430D0A,10000110100001010
897,0x30783046,00011000001000110
898,0x46464646,00100011001000110
899,0x46430D0A,10000110100001010
900,0x30783046,00011000001000110
901,0x46464646,00100011001000110
902,0x46430D0A,10000110100001010
903,0x30783046,00011000001000110
904,0x46464646,00100011001000110
905,0x46460D0A,00000110100001010
906,0x30783046,00011000001000110
907,0x46464646,00100011001000110
908,0x46440D0A,00000110100001010
909,0x30783046,00011000001000110
910,0x46464646,00100011001000110
911,0x46460D0A,00000110100001010
912,0x30783046,00011000001000110
913,0x46464646,00100011001000110
914,0x46430D0A,10000110100001010
915,0x30783046,00011000001000110
916,0x46464646,00100011001000110
917,0x46460D0A,00000110100001010
918,0x30783046,00011000001000110
919,0x46464646,00100011001000110
920,0x46450D0A,10000110100001010
921,0x30783046,00011000001000110
922,0x46464646,00100011001000110
923,0x46440D0A,00000110100001010
924,0x30783046,00011000001000110
925,0x46464646,00100011001000110
926,0x46460D0A,00000110100001010
927,0x30783046,00011000001000110
928,0x46464646,00100011001000110
929,0x46430D0A,10000110100001010
930,0x30783046,00011000001000110
931,0x46464646,00100011001000110
932,0x46440D0A,00000110100001010
933,0x30783046,00011000001000110
934,0x46464646,00100011001000110
935,0x46420D0A,00000110100001010
936,0x30783046,00011000001000110
937,0x46464646,00100011001000110
938,0x46450D0A,10000110100001010
939,0x30783046,00011000001000110
940,0x46464646,00100011001000110
941,0x46460D0A,00000110100001010
942,0x30783046,00011000001000110
943,0x46464646,00100011001000110
944,0x46430D0A,10000110100001010
945,0x30783046,00011000001000110
946,0x46464646,00100011001000110
947,0x46440D0A,00000110100001010
948,0x30783046,00011000001000110
949,0x46464646,00100011001000110
950,0x46420D0A,00000110100001010
951,0x30783046,00011000001000110
952,0x46464646,00100011001000110
953,0x46460D0A,00000110100001010
954,0x30783046,00011000001000110
955,0x46464646,00100011001000110
956,0x46450D0A,10000110100001010
957,0x30783046,00011000001000110
958,0x46464646,00100011001000110
959,0x46410D0A,10000110100001010
960,0x30783046,00011000001000110
961,0x46464646,00100011001000110
962,0x46450D0A,10000110100001010
963,0x30783046,00011000001000110
964,0x46464646,00100011001000110
965,0x46430D0A,10000110100001010
966,0x30783046,00011000001000110
967,0x46464646,00100011001000110
968,0x46460D0A,00000110100001010
969,0x30783046,00011000001000110
970,0x46464646,00100011001000110
971,0x46430D0A,10000110100001010
972,0x30783046,00011000001000110
973,0x46464646,00100011001000110
974,0x46430D0A,10000110100001010
975,0x30783046,00011000001000110
976,0x46464646,00100011001000110
977,0x46430D0A,10000110100001010
978,0x30783046,00011000001000110
979,0x46464646,00100011001000110
980,0x46430D0A,10000110100001010
981,0x30783046,00011000001000110
982,0x46464646,00100011001000110
983,0x46440D0A,00000110100001010
984,0x30783046,00011000001000110
985,0x46464646,00100011001000110
986,0x46430D0A,10000110100001010
987,0x30783046,00011000001000110
988,0x46464646,00100011001000110
989,0x46440D0A,00000110100001010
990,0x30783046,00011000001000110
991,0x46464646,00100011001000110
992,0x46450D0A,10000110100001010
993,0x30783046,00011000001000110
994,0x46464646,00100011001000110
995,0x46440D0A,00000110100001010
996,0x30783046,00011000001000110
997,0x46464646,00100011001000110
998,0x46430D0A,10000110100001010
999,0x30783046,00011000001000110
